distance_m,latitude,longitude,heading_degrees,coverage,photo_file,notes
0,54.09325923,12.17911389,140.2,unverified,,
30,54.09308744,12.17946376,130.0,unverified,,
60,54.09290098,12.17979435,150.4,unverified,,
90,54.09265341,12.17997156,163.5,unverified,,
120,54.09254078,12.1802906,74.7,unverified,,
150,54.09262462,12.18072702,68.9,unverified,,
180,54.09270571,12.18116249,90.4,unverified,,
210,54.09264284,12.18160619,108.3,unverified,,
240,54.09255817,12.18204298,108.3,unverified,,
270,54.09247351,12.18247977,108.3,unverified,,
300,54.09238857,12.18291641,108.4,unverified,,
330,54.09229167,12.18334549,114.3,unverified,,
360,54.09214776,12.18373355,127.1,unverified,,
390,54.09197696,12.18408895,133.3,unverified,,
420,54.0917946,12.18442795,132.2,unverified,,
450,54.0916025,12.18475043,137.1,unverified,,
480,54.09140659,12.18506667,136.2,unverified,,
510,54.09121178,12.18538493,136.2,unverified,,
540,54.09101748,12.18570408,136.1,unverified,,
570,54.09080529,12.18598158,151.5,unverified,,
600,54.09055294,12.18614036,162.1,unverified,,
630,54.09028914,12.18622841,175.6,unverified,,
660,54.09002013,12.18626337,175.4,unverified,,
690,54.08985671,12.18652024,89.9,unverified,,
720,54.08985705,12.18698024,89.9,unverified,,
750,54.08985743,12.18744023,89.9,unverified,,
780,54.0898578,12.18790023,89.9,unverified,,
810,54.08985814,12.18836023,89.9,unverified,,
840,54.08973432,12.18873528,164.2,unverified,,
870,54.08946722,12.18877265,179.3,unverified,,
900,54.08919743,12.18877245,180.2,unverified,,
930,54.08893054,12.18873934,197.8,unverified,,
960,54.0887028,12.1885187,181.0,unverified,,
990,54.08843302,12.18851873,179.6,unverified,,
1020,54.08816323,12.18852137,179.1,unverified,,
1050,54.08789354,12.18853052,174.4,unverified,,
1080,54.08762604,12.18858787,172.8,unverified,,
1110,54.08735694,12.18861484,179.0,unverified,,
1140,54.08708717,12.18862151,179.3,unverified,,
1170,54.08681738,12.18862456,179.6,unverified,,
1200,54.08656355,12.18850114,211.9,unverified,,
1230,54.08633455,12.18825794,211.9,unverified,,
1260,54.08609346,12.18819841,138.8,unverified,,
1290,54.08594447,12.18858094,120.8,unverified,,
1320,54.0859188,12.18903267,90.0,unverified,,
1350,54.0859186,12.18949262,90.0,unverified,,
1380,54.08591683,12.18995256,90.4,unverified,,
1410,54.08591483,12.19041251,90.5,unverified,,
1440,54.08591264,12.19087245,90.5,unverified,,
1470,54.08590916,12.19133236,90.7,unverified,,
1500,54.08590569,12.19179228,90.7,unverified,,
1530,54.08590222,12.19225219,90.7,unverified,,
1560,54.08589015,12.19271127,95.8,unverified,,
1590,54.08579279,12.19313593,120.2,unverified,,
1620,54.08559837,12.19345001,150.4,unverified,,
1650,54.08534503,12.19359276,178.7,unverified,,
1680,54.08507527,12.19359834,180.3,unverified,,
1710,54.08480548,12.19359631,180.3,unverified,,
1740,54.08453569,12.19359309,180.7,unverified,,
1770,54.08426591,12.1935877,180.7,unverified,,
1800,54.08399613,12.19358409,180.1,unverified,,
1830,54.08372636,12.19357735,181.1,unverified,,
1860,54.08345661,12.19356933,180.6,unverified,,
1890,54.08318683,12.19356503,180.3,unverified,,
1920,54.08291705,12.19355973,181.0,unverified,,
1950,54.08264735,12.19354751,181.6,unverified,,
1980,54.08237765,12.19353565,181.5,unverified,,
2010,54.08210792,12.19354548,178.6,unverified,,
2040,54.08183823,12.19354322,181.8,unverified,,
2070,54.08156851,12.19353379,180.6,unverified,,
2100,54.0814555,12.19380762,91.4,unverified,,
2130,54.08121937,12.19391175,121.1,unverified,,
2160,54.08114283,12.19434192,96.1,unverified,,
2190,54.08098407,12.19465719,155.8,unverified,,
2220,54.08093538,12.19507406,92.5,unverified,,
2250,54.08092258,12.19553344,92.9,unverified,,
2280,54.08090901,12.19599276,92.9,unverified,,
2310,54.08089544,12.19645208,92.9,unverified,,
2340,54.08088187,12.1969114,92.9,unverified,,
2370,54.08086737,12.19737063,93.3,unverified,,
2400,54.08085206,12.19782979,93.3,unverified,,
2430,54.08083642,12.19828891,93.5,unverified,,
2460,54.08082216,12.19874815,93.0,unverified,,
2490,54.08080933,12.1992075,93.8,unverified,,
2520,54.08078526,12.19966469,104.6,unverified,,
2550,54.08077308,12.20012172,92.1,unverified,,
2580,54.08076313,12.20058131,92.1,unverified,,
2610,54.08075318,12.20104089,92.1,unverified,,
2640,54.08074322,12.20150048,92.1,unverified,,
2670,54.08073325,12.20196006,92.1,unverified,,
2700,54.08072332,12.20241965,92.1,unverified,,
2730,54.08071302,12.20287921,92.2,unverified,,
2760,54.08070012,12.20333857,93.1,unverified,,
2790,54.08075106,12.20372773,24.8,unverified,,
2820,54.08099589,12.20392097,24.8,unverified,,
2850,54.08124071,12.20411422,24.8,unverified,,
2880,54.08148544,12.2043078,24.9,unverified,,
2910,54.08173012,12.2045016,24.9,unverified,,
2940,54.08197477,12.20469548,24.9,unverified,,
2970,54.08221942,12.20488935,24.9,unverified,,
3000,54.08246407,12.20508324,24.9,unverified,,
3030,54.08270872,12.20527714,24.9,unverified,,
3060,54.08295337,12.20547103,24.9,unverified,,
3090,54.08319802,12.20566493,24.9,unverified,,
3120,54.08344267,12.20585883,24.9,unverified,,
3150,54.08368731,12.20605273,24.9,unverified,,
3180,54.08393196,12.20624662,24.9,unverified,,
3210,54.08417682,12.20643975,23.8,unverified,,
3240,54.08442101,12.20663522,25.5,unverified,,
3270,54.08466446,12.20683347,25.5,unverified,,
3300,54.08490791,12.20703172,25.5,unverified,,
3330,54.08515148,12.2072295,25.4,unverified,,
3360,54.08539517,12.20742688,25.4,unverified,,
3390,54.08563887,12.20762427,25.4,unverified,,
3420,54.08588256,12.20782165,25.4,unverified,,
3450,54.08612625,12.20801903,25.4,unverified,,
3480,54.08636994,12.20821641,25.4,unverified,,
3510,54.08661363,12.20841379,25.4,unverified,,
3540,54.08685733,12.20861117,25.4,unverified,,
3570,54.08710102,12.20880856,25.4,unverified,,
3600,54.08734471,12.20900594,25.4,unverified,,
3630,54.0875884,12.20920332,25.4,unverified,,
3660,54.08783228,12.20940002,25.0,unverified,,
3690,54.08807788,12.20959041,24.1,unverified,,
3720,54.08832329,12.20978144,25.4,unverified,,
3750,54.08856693,12.20997901,25.4,unverified,,
3780,54.08881057,12.21017659,25.4,unverified,,
3810,54.08905421,12.21037416,25.4,unverified,,
3840,54.08929786,12.21057173,25.4,unverified,,
3870,54.0895415,12.21076931,25.4,unverified,,
3900,54.08977586,12.21096723,23.6,unverified,,
3930,54.08990932,12.2108412,206.0,unverified,,
3960,54.08978572,12.21097458,203.6,unverified,,
3990,54.08965114,12.21110573,87.3,unverified,,
4020,54.08966388,12.21156521,87.3,unverified,,
4050,54.08965451,12.21202423,99.3,unverified,,
4080,54.08970715,12.21239702,28.0,unverified,,
4110,54.08994542,12.2126128,28.0,unverified,,
4140,54.09018369,12.21282857,28.0,unverified,,
4170,54.09042188,12.21304461,28.2,unverified,,
4200,54.09066124,12.21325665,25.4,unverified,,
4230,54.09089581,12.21347198,56.2,unverified,,
4260,54.09104583,12.21385431,56.2,unverified,,
4290,54.09125442,12.2141439,38.0,unverified,,
4320,54.09141665,12.21402205,311.9,unverified,,
4350,54.09159696,12.21367986,311.9,unverified,,
4380,54.09182906,12.21348258,345.0,unverified,,
4410,54.09208848,12.21335678,341.5,unverified,,
4440,54.09233411,12.21317364,328.3,unverified,,
4470,54.09256374,12.21293213,328.3,unverified,,
4500,54.09279336,12.21269061,328.3,unverified,,
4530,54.09302299,12.2124491,328.3,unverified,,
4560,54.09325268,12.21220778,328.6,unverified,,
4590,54.09348617,12.21197736,330.4,unverified,,
4620,54.09372077,12.21175016,330.4,unverified,,
4650,54.09395537,12.21152297,330.4,unverified,,
4680,54.09418997,12.21129577,330.4,unverified,,
4710,54.09442457,12.21106858,330.4,unverified,,
4740,54.09465917,12.21084138,330.4,unverified,,
4770,54.09489188,12.21060862,329.4,unverified,,
4800,54.09512413,12.2103745,329.4,unverified,,
4830,54.09535638,12.21014039,329.4,unverified,,
4860,54.09558863,12.20990627,329.4,unverified,,
4890,54.09582527,12.20968557,332.2,unverified,,
4920,54.09606399,12.20947119,332.2,unverified,,
4950,54.09630271,12.20925682,332.2,unverified,,
4980,54.09654489,12.20905409,333.2,unverified,,
5010,54.09678581,12.20884699,333.2,unverified,,
5040,54.09702673,12.2086399,333.2,unverified,,
5070,54.09726764,12.2084328,333.2,unverified,,
5100,54.09750856,12.2082257,333.2,unverified,,
5130,54.09774948,12.2080186,333.2,unverified,,
5160,54.0979904,12.2078115,333.2,unverified,,
5190,54.09823141,12.20760471,333.3,unverified,,
5220,54.09847247,12.2073981,333.3,unverified,,
5250,54.09871353,12.20719148,333.3,unverified,,
5280,54.0989546,12.20698487,333.3,unverified,,
5310,54.09919566,12.20677825,333.3,unverified,,
5340,54.09943672,12.20657163,333.3,unverified,,
5370,54.09967778,12.20636502,333.3,unverified,,
5400,54.09991885,12.2061584,333.3,unverified,,
5430,54.10015986,12.20595162,333.3,unverified,,
5460,54.10040085,12.20574476,333.3,unverified,,
5490,54.10064185,12.20553791,333.3,unverified,,
5520,54.10088284,12.20533105,333.3,unverified,,
5550,54.10112384,12.2051242,333.3,unverified,,
5580,54.10137961,12.20498305,347.1,unverified,,
5610,54.10164264,12.20488064,347.1,unverified,,
5640,54.10190567,12.20477823,347.1,unverified,,
5670,54.1021687,12.20467582,347.1,unverified,,
5700,54.10243173,12.20457341,347.1,unverified,,
5730,54.10269476,12.204471,347.1,unverified,,
5760,54.10295779,12.20436859,347.1,unverified,,
5790,54.10322082,12.20426618,347.1,unverified,,
5820,54.10348385,12.20416377,347.1,unverified,,
5850,54.10374688,12.20406136,347.1,unverified,,
5880,54.10400991,12.20395895,347.1,unverified,,
5910,54.1042726,12.20385406,346.8,unverified,,
5940,54.10453527,12.20374898,346.8,unverified,,
5970,54.10479794,12.20364389,346.8,unverified,,
6000,54.10506031,12.20353673,346.4,unverified,,
6030,54.10532257,12.2034287,346.4,unverified,,
6060,54.10558463,12.20331929,346.1,unverified,,
6090,54.1058465,12.20320856,346.1,unverified,,
6120,54.1061082,12.20309671,345.5,unverified,,
6150,54.10636957,12.20298262,346.2,unverified,,
6180,54.10663189,12.20287506,346.8,unverified,,
6210,54.10689451,12.20276962,346.8,unverified,,
6240,54.10715638,12.20265899,345.6,unverified,,
6270,54.10741766,12.20254429,345.6,unverified,,
6300,54.10767894,12.20242958,345.6,unverified,,
6330,54.10794022,12.20231488,345.6,unverified,,
6360,54.10820151,12.20220017,345.6,unverified,,
6390,54.10846279,12.20208546,345.6,unverified,,
6420,54.10872417,12.20197147,345.8,unverified,,
6450,54.10898578,12.20185893,345.8,unverified,,
6480,54.10924738,12.20174633,345.6,unverified,,
6510,54.10950871,12.20163199,345.6,unverified,,
6540,54.1097704,12.20152012,345.1,unverified,,
6570,54.11003149,12.20140412,345.4,unverified,,
6600,54.11029345,12.20129428,347.3,unverified,,
6630,54.11055668,12.20119334,347.3,unverified,,
6660,54.11082039,12.20109642,349.2,unverified,,
6690,54.11108583,12.20101403,350.0,unverified,,
6720,54.11134785,12.20090535,345.4,unverified,,
6750,54.11160665,12.20077626,341.4,unverified,,
6780,54.11185611,12.20060352,330.8,unverified,,
6810,54.11209162,12.20037899,330.8,unverified,,
6840,54.11232713,12.20015445,330.8,unverified,,
6870,54.11256153,12.19992659,329.8,unverified,,
6900,54.11277513,12.19980775,68.5,unverified,,
6930,54.11287419,12.20023586,68.5,unverified,,
6960,54.11297324,12.20066398,68.5,unverified,,
6990,54.11307229,12.20109209,68.5,unverified,,
7020,54.11316987,12.20152118,69.4,unverified,,
7050,54.11326827,12.20194969,67.6,unverified,,
7080,54.11336743,12.2023777,67.8,unverified,,
7110,54.11346956,12.20280371,67.7,unverified,,
7140,54.1135718,12.20322964,67.7,unverified,,
7170,54.11368276,12.20364883,63.4,unverified,,
7200,54.11384381,12.20401736,46.3,unverified,,
7230,54.11403181,12.20434745,45.1,unverified,,
7260,54.11422205,12.20467382,45.2,unverified,,
7290,54.11441312,12.20499874,44.7,unverified,,
7320,54.11460483,12.20532259,44.7,unverified,,
7350,54.11479655,12.20564644,44.7,unverified,,
7380,54.11498795,12.20597084,44.9,unverified,,
7410,54.11518187,12.20621432,322.0,unverified,,
7440,54.11540218,12.20594876,325.5,unverified,,
7470,54.11562453,12.20568805,325.5,unverified,,
7500,54.1158506,12.20543691,327.5,unverified,,
7530,54.11607348,12.20527531,55.0,unverified,,
7560,54.1162283,12.20565227,55.0,unverified,,
7590,54.11640964,12.20581554,319.1,unverified,,
7620,54.11661357,12.20551416,319.1,unverified,,
7650,54.11683184,12.20524511,326.6,unverified,,
7680,54.11705768,12.20499337,330.3,unverified,,
7710,54.117292,12.20476521,330.3,unverified,,
7740,54.11752632,12.20453705,330.3,unverified,,
7770,54.11776824,12.20433537,356.8,unverified,,
7800,54.1179883,12.20455338,44.4,unverified,,
7830,54.11818113,12.20487532,44.4,unverified,,
7860,54.11842084,12.20470925,334.2,unverified,,
7890,54.11866382,12.20450917,334.2,unverified,,
7920,54.1189068,12.20430908,334.2,unverified,,
7950,54.11914908,12.20410658,333.9,unverified,,
7980,54.11939134,12.20390395,333.9,unverified,,
8010,54.11963359,12.20370132,333.9,unverified,,
8040,54.11987584,12.20349869,333.9,unverified,,
8070,54.12012465,12.20339076,26.0,unverified,,
8100,54.12031864,12.20370438,47.0,unverified,,
8130,54.12050263,12.20404108,47.0,unverified,,
8160,54.12068661,12.20437778,47.0,unverified,,
8190,54.12087268,12.20470964,25.7,unverified,,
8220,54.12111585,12.20490903,25.7,unverified,,
8250,54.12136382,12.20508426,11.7,unverified,,
8280,54.12162799,12.20517779,11.7,unverified,,
8310,54.12189216,12.20527132,11.7,unverified,,
8340,54.12215633,12.20536484,11.7,unverified,,
8370,54.1224205,12.20545837,11.7,unverified,,
8400,54.12268808,12.20551554,6.4,unverified,,
8430,54.12295711,12.2055388,0.0,unverified,,
8460,54.12322213,12.20545364,347.7,unverified,,
8490,54.12348577,12.20535586,347.7,unverified,,
8520,54.12375096,12.20527495,354.5,unverified,,
8550,54.12401951,12.20523085,354.5,unverified,,
8580,54.12428808,12.20518686,356.1,unverified,,
8610,54.12455725,12.20515565,356.1,unverified,,
8640,54.12482643,12.20512443,356.1,unverified,,
8670,54.12508648,12.20522319,35.0,unverified,,
8700,54.12530752,12.20548719,35.0,unverified,,
8730,54.12552855,12.20575118,35.0,unverified,,
8760,54.12566836,12.20609259,107.8,unverified,,
8790,54.1255748,12.20652426,105.6,unverified,,
8820,54.12552237,12.20697431,96.1,unverified,,
8850,54.12554311,12.20743228,83.2,unverified,,
8880,54.12557405,12.20788952,93.0,unverified,,
8910,54.12564339,12.20830754,24.2,unverified,,
8940,54.1256994,12.20798245,262.6,unverified,,
8970,54.12566472,12.20752587,262.6,unverified,,
9000,54.12566485,12.20706802,284.0,unverified,,
9030,54.12573802,12.20662512,287.7,unverified,,
9060,54.12586398,12.2062191,301.4,unverified,,
9090,54.12602006,12.20584391,306.4,unverified,,
9120,54.12619199,12.20549158,317.3,unverified,,
9150,54.12640725,12.20521505,326.8,unverified,,
9180,54.12663293,12.20496275,326.8,unverified,,
9210,54.12685861,12.20471045,326.8,unverified,,
9240,54.12708429,12.20445815,326.8,unverified,,
9270,54.12730825,12.20420151,324.9,unverified,,
9300,54.12752903,12.20393688,324.9,unverified,,
9330,54.12776328,12.20373235,353.2,unverified,,
9360,54.1279549,12.2034276,326.1,unverified,,
9390,54.12817884,12.20317079,326.1,unverified,,
9420,54.12840277,12.20291399,326.1,unverified,,
9450,54.1286267,12.20265718,326.1,unverified,,
9480,54.12885203,12.20240461,335.2,unverified,,
9510,54.12910538,12.20225159,345.3,unverified,,
9540,54.1292757,12.20195134,270.0,unverified,,
9570,54.129265,12.20149231,261.2,unverified,,
9600,54.12922371,12.2010373,261.2,unverified,,
9630,54.12914944,12.200596,251.4,unverified,,
9660,54.12908762,12.20014991,262.2,unverified,,
9690,54.12905118,12.1996937,262.2,unverified,,
9720,54.12901473,12.19923749,262.2,unverified,,
9750,54.12897828,12.19878128,262.2,unverified,,
9780,54.12894183,12.19832507,262.2,unverified,,
9810,54.12890542,12.19786885,262.3,unverified,,
9840,54.12886908,12.19741261,262.3,unverified,,
9870,54.12883275,12.19695637,262.3,unverified,,
9900,54.12879641,12.19650013,262.3,unverified,,
9930,54.12873214,12.19605911,242.3,unverified,,
9960,54.12852448,12.19578876,195.6,unverified,,
9990,54.12826463,12.19566493,195.6,unverified,,
10020,54.12800477,12.19554109,195.6,unverified,,
10050,54.12774492,12.19541726,195.6,unverified,,
10080,54.12748506,12.19529343,195.6,unverified,,
10110,54.12722814,12.19515449,201.1,unverified,,
10140,54.12698533,12.19495713,210.2,unverified,,
10170,54.12685868,12.19456388,270.8,unverified,,
10200,54.12688425,12.19410641,278.1,unverified,,
10230,54.12692219,12.19365058,278.1,unverified,,
10260,54.12695552,12.19319375,276.3,unverified,,
10290,54.12698494,12.19273609,276.3,unverified,,
10320,54.12701436,12.19227842,276.3,unverified,,
10350,54.12704378,12.19182076,276.3,unverified,,
10380,54.1270732,12.19136309,276.3,unverified,,
10410,54.12710263,12.19090542,276.3,unverified,,
10440,54.12713205,12.19044776,276.3,unverified,,
10470,54.12715086,12.18998888,271.4,unverified,,
10500,54.12717001,12.18953668,303.5,unverified,,
10530,54.1273788,12.18951063,24.6,unverified,,
10560,54.12764507,12.18958161,8.4,unverified,,
10590,54.12791196,12.18964904,8.4,unverified,,
10620,54.12817884,12.18971648,8.4,unverified,,
10650,54.12844573,12.18978391,8.4,unverified,,
10680,54.12871262,12.18985135,8.4,unverified,,
10710,54.12898137,12.18987463,359.8,unverified,,
10740,54.12924758,12.189936,11.3,unverified,,
10770,54.12938937,12.19022166,82.7,unverified,,
10800,54.12942214,12.19067864,85.4,unverified,,
10830,54.12944372,12.1911376,85.4,unverified,,
10860,54.12946529,12.19159657,85.4,unverified,,
10890,54.12949524,12.19205378,80.6,unverified,,
10920,54.1295392,12.19250807,80.6,unverified,,
10950,54.12958316,12.19296235,80.6,unverified,,
10980,54.12962712,12.19341664,80.6,unverified,,
11010,54.129688,12.19386449,74.2,unverified,,
11040,54.12978035,12.19429313,57.8,unverified,,
11070,54.12992427,12.19468258,57.8,unverified,,
11100,54.13008237,12.19505565,54.0,unverified,,
11130,54.13028039,12.19535868,34.2,unverified,,
11160,54.13050361,12.1956173,34.2,unverified,,
11190,54.13072683,12.19587591,34.2,unverified,,
11220,54.13096399,12.19609402,26.7,unverified,,
11250,54.13120368,12.1963053,28.4,unverified,,
11280,54.1314409,12.19652464,28.4,unverified,,
11310,54.13167812,12.19674399,28.4,unverified,,
11340,54.13191534,12.19696333,28.4,unverified,,
11370,54.13215255,12.19718268,28.4,unverified,,
11400,54.13238704,12.19741016,31.2,unverified,,
11430,54.13261779,12.19764878,31.2,unverified,,
11460,54.13284854,12.19788739,31.2,unverified,,
11490,54.13307928,12.198126,31.2,unverified,,
11520,54.13331003,12.19836462,31.2,unverified,,
11550,54.13354078,12.19860323,31.2,unverified,,
11580,54.13377363,12.19883581,30.1,unverified,,
11610,54.13400707,12.19906666,30.1,unverified,,
11640,54.13424052,12.19929751,30.1,unverified,,
11670,54.13447396,12.19952836,30.1,unverified,,
11700,54.13470741,12.19975921,30.1,unverified,,
11730,54.13478293,12.20005756,121.8,unverified,,
11760,54.13464078,12.20044896,121.8,unverified,,
11790,54.13449864,12.20084035,121.8,unverified,,
11820,54.13435649,12.20123175,121.8,unverified,,
11850,54.13421637,12.20162524,120.6,unverified,,
11880,54.13407911,12.20202167,120.6,unverified,,
11910,54.13394186,12.20241811,120.6,unverified,,
11940,54.1338046,12.20281455,120.6,unverified,,
11970,54.13366735,12.20321098,120.6,unverified,,
12000,54.13353009,12.20360742,120.6,unverified,,
12030,54.13339283,12.20400386,120.6,unverified,,
12060,54.13325558,12.20440029,120.6,unverified,,
12090,54.13311832,12.20479673,120.6,unverified,,
12120,54.13298107,12.20519317,120.6,unverified,,
12150,54.13284381,12.20558961,120.6,unverified,,
12180,54.13270656,12.20598604,120.6,unverified,,
12210,54.1325693,12.20638248,120.6,unverified,,
12240,54.13243204,12.20677892,120.6,unverified,,
12270,54.13229479,12.20717535,120.6,unverified,,
12300,54.13215753,12.20757179,120.6,unverified,,
12330,54.13202049,12.20796843,120.5,unverified,,
12360,54.13201544,12.20828885,22.1,unverified,,
12390,54.13226548,12.20846179,22.1,unverified,,
12420,54.13251983,12.20861297,15.2,unverified,,
12450,54.13278359,12.20870718,9.5,unverified,,
12480,54.13304967,12.20878339,9.5,unverified,,
12510,54.13331574,12.20885959,9.5,unverified,,
12540,54.13358182,12.2089358,9.5,unverified,,
12570,54.13384287,12.20903802,26.9,unverified,,
12600,54.13408337,12.20924671,26.9,unverified,,
12630,54.13432387,12.20945541,26.9,unverified,,
12660,54.13455646,12.2096843,40.6,unverified,,
12690,54.13481391,12.20974398,11.3,unverified,,
12720,54.13507843,12.20983456,11.3,unverified,,
12750,54.13534688,12.209861,358.9,unverified,,
12780,54.13561542,12.2098292,351.1,unverified,,
12810,54.13585872,12.2096514,324.3,unverified,,
12840,54.13607716,12.20938112,323.8,unverified,,
12870,54.13622788,12.20970785,57.8,unverified,,
12900,54.13637155,12.21009764,57.8,unverified,,
12930,54.13651522,12.21048743,57.8,unverified,,
12960,54.13669324,12.21076051,326.1,unverified,,
12990,54.13683396,12.21037173,309.0,unverified,,
13020,54.13700983,12.21002263,311.5,unverified,,
13050,54.13718849,12.20967755,311.5,unverified,,
13080,54.13737261,12.20934115,314.5,unverified,,
13110,54.13751017,12.2089646,282.8,unverified,,
13140,54.13753811,12.20850837,276.9,unverified,,
13170,54.13757041,12.20805115,276.9,unverified,,
13200,54.13760271,12.20759393,276.9,unverified,,
13230,54.13763501,12.20713672,276.9,unverified,,
13260,54.13787444,12.20711746,5.3,unverified,,
13290,54.13809267,12.20735184,349.0,unverified,,
13320,54.13834841,12.20743456,8.5,unverified,,
13350,54.13853699,12.20728125,289.3,unverified,,
13380,54.13862602,12.20684651,289.3,unverified,,
13410,54.13871505,12.20641177,289.3,unverified,,
13440,54.13880409,12.20597703,289.3,unverified,,
13470,54.13899049,12.20583652,11.8,unverified,,
13500,54.13925458,12.20593076,11.8,unverified,,
13530,54.13951867,12.20602501,11.8,unverified,,
13560,54.13978275,12.20611925,11.8,unverified,,
13590,54.14004684,12.20621349,11.8,unverified,,
13620,54.14031093,12.20630774,11.8,unverified,,
13650,54.14057501,12.20640198,11.8,unverified,,
13680,54.14083893,12.20649761,12.1,unverified,,
13710,54.14110275,12.20659402,12.1,unverified,,
13740,54.14136657,12.20669042,12.1,unverified,,
13770,54.14163039,12.20678683,12.1,unverified,,
13800,54.14189421,12.20688323,12.1,unverified,,
13830,54.14215803,12.20697964,12.1,unverified,,
13860,54.14242185,12.20707604,12.1,unverified,,
13890,54.14268567,12.20717245,12.1,unverified,,
13920,54.14294949,12.20726885,12.1,unverified,,
13950,54.14321331,12.20736525,11.6,unverified,,
13980,54.14347763,12.20745764,11.6,unverified,,
14010,54.14374254,12.20754383,7.3,unverified,,
14040,54.14401014,12.2075921,11.7,unverified,,
14070,54.14426427,12.20774115,24.0,unverified,,
14100,54.14451073,12.20792853,24.0,unverified,,
14130,54.14475719,12.20811591,24.0,unverified,,
14160,54.14500366,12.20830329,24.0,unverified,,
14190,54.14524666,12.20850334,25.9,unverified,,
14220,54.14548928,12.20870484,26.8,unverified,,
14250,54.14573007,12.2089126,26.8,unverified,,
14280,54.14597091,12.20912018,26.2,unverified,,
14310,54.14621289,12.20932389,26.2,unverified,,
14340,54.14645488,12.20952759,26.2,unverified,,
14370,54.14669686,12.2097313,26.2,unverified,,
14400,54.14693884,12.209935,26.2,unverified,,
14430,54.14718082,12.2101387,26.2,unverified,,
14460,54.1474222,12.21034432,29.7,unverified,,
14490,54.14765656,12.21057255,29.7,unverified,,
14520,54.14789091,12.21080077,29.7,unverified,,
14550,54.14810354,12.21108279,45.4,unverified,,
14580,54.14829312,12.21141054,45.4,unverified,,
14610,54.14848271,12.21173828,45.4,unverified,,
14640,54.1486723,12.21206602,45.4,unverified,,
14670,54.14887235,12.2123749,41.5,unverified,,
14700,54.14909987,12.21261898,29.3,unverified,,
14730,54.14933517,12.21284437,29.3,unverified,,
14760,54.14957046,12.21306977,29.3,unverified,,
14790,54.14980576,12.21329516,29.3,unverified,,
14820,54.14999184,12.21361442,62.0,unverified,,
14850,54.15002941,12.21405802,101.4,unverified,,
14880,54.14996136,12.21450355,105.7,unverified,,
14910,54.15010481,12.21480471,17.6,unverified,,
14940,54.15036036,12.21495242,18.9,unverified,,
14970,54.15061563,12.21510151,18.9,unverified,,
15000,54.15082696,12.21537768,45.7,unverified,,
15030,54.15101689,12.21570485,45.0,unverified,,
15060,54.15121807,12.2160118,41.7,unverified,,
15090,54.15139045,12.21636409,52.8,unverified,,
15120,54.1515535,12.21673113,52.8,unverified,,
15150,54.15154158,12.21714686,108.4,unverified,,
15180,54.15145664,12.21758412,108.4,unverified,,
15210,54.1513717,12.21802137,108.4,unverified,,
15240,54.15127507,12.21845127,112.1,unverified,,
15270,54.15116534,12.2188716,117.6,unverified,,
15300,54.15102267,12.21925996,129.2,unverified,,
15330,54.15081565,12.21955418,141.2,unverified,,
15360,54.15060537,12.21984281,141.2,unverified,,
15390,54.15039988,12.22014016,130.8,unverified,,
15420,54.15024131,12.22051213,124.3,unverified,,
15450,54.15008946,12.22089291,124.3,unverified,,
15480,54.14993448,12.22126919,135.8,unverified,,
15510,54.14973564,12.22157908,145.4,unverified,,
15540,54.14957268,12.22186009,52.0,unverified,,
15570,54.1497819,12.22214004,23.7,unverified,,
15600,54.15002893,12.22232525,23.7,unverified,,
15621.218,54.15020364,12.22245624,23.7,unverified,,
